Reference,Region,5' End,3' End,Forward Primer,Reverse Primer
sars-cov-2,amplicon-1,,,AAGGTTTATACCTTCCCAGGTAACA,CAAGTGTCTCACCACTACGACC
sars-cov-2,amplicon-2,,,TTATGGTTGAGCTGGTAGCAGAAC,AAGGTGTCTGCAATTCATAGCTCTT
sars-cov-2,amplicon-3,,,TGTATACTGCTGCCGTGAACAT,TTATGGTATTCGGCAAGACTATGCT
sars-cov-2,amplicon-4,,,GCATGTCACAATTCAGAAGTAGGAC,GTACAACACGAGCAGCCTCT
sars-cov-2,amplicon-5,,,TGCCTGGAATATTGGTGAACAGAA,AAGAATGTCTGAACACTCTCCTTAATT
sars-cov-2,amplicon-6,,,TCTCAACCTGTGCTTGTGAAATTG,GCCTTTGAGTGTGAAGGTATTGTTT
sars-cov-2,amplicon-7,,,CCTTGCACCTAATATGATGGTAAC,CAGGTTGAAGAGCAGCAGAAG
sars-cov-2,amplicon-8,,,ATGGTACTGAAGATGATTACCAAGGT,GCCGACAACATGAAGACAGTG
sars-cov-2,amplicon-9,,,TTAAGCGGACACAATCTTGCTAA,TCTGGATGAAGATTGCCATTAATGT
sars-cov-2,amplicon-10,,,AAGCTTGTGTTGAAGAAGTTACAA,TTCCACACAGACAGGCATTAA
sars-cov-2,amplicon-11,,,AAGAAATTCTTGGAACTGTTTCTTGG,TACCTAGTTGTGTAGATTGTCCAGA
sars-cov-2,amplicon-12,,,CACTTGCTGGTTCCTATAAAGATTGG,GCAGTGGCAAGATAACAGTTGTTAT
sars-cov-2,amplicon-13,,,TGGAAATACCCACAAGTTAATGGTT,TACCATGCTTAAGTTCATACTGAGC
sars-cov-2,amplicon-14,,,TTGTTATGATGTCAGCACCACCT,TATAATCAATAGCCACCACATCACCA
sars-cov-2,amplicon-15,,,GGTTATAAGAAACCTGCTTCAAGAGA,TAAGACTAGAATTGTCTACATAAGCAGC
sars-cov-2,amplicon-16,,,GGTTGGCCACACAGATCTAATG,AAGCAGCGGTTGAGTAGATTAA
sars-cov-2,amplicon-17,,,ACTATTAAGTGTTTGCCTAGGTTCT,TGATGAATTACAACCGTCTACAACA
sars-cov-2,amplicon-18,,,CCCGATTTCAGCTATGGTTAGAATG,TAGGCAATGAACCTTTAGTGTTATTAGC
sars-cov-2,amplicon-19,,,AAGACTTATGAAAGACATTCTCTCTCTCA,ACAACTATCGCCAGTAACTTCTATGT
sars-cov-2,amplicon-20,,,GCAAGGGTTTGTTGATTCAGATGTA,GTTTAGACATGACATGAACAGGTGTT
sars-cov-2,amplicon-21,,,CAGTTAATTAAAGTTACACTTGTGTTCCT,AGCAACAGAACCTTCTAGTACATTG
sars-cov-2,amplicon-22,,,TGGTAAGCCAGTACCATATTGTTATG,AACAGAGTACAGTGAATGACATAAGG
sars-cov-2,amplicon-23,,,GTGAATACAGTCATGTAGTTGCCTT,CTGAGTTACTGAAGTCATTGAGAGC
sars-cov-2,amplicon-24,,,GGATACAACTAGCTACAGAGAAGC,GGTGAACCATTGTAACAAGCTAAC
sars-cov-2,amplicon-25,,,CAGCCAATCCTAAGACACCTAAGTA,AAGAGGTCCTAGTATGTCAACATGG
sars-cov-2,amplicon-26,,,TGTGGCTATGAAGTACAATTATGAACC,CCAACTAGCAGGCATATAGACCATA
sars-cov-2,amplicon-27,,,TTTGTTACCTTCTCTTGCCACTGTA,ACACCAAGAGTCAGTCTAAAGTAGC
sars-cov-2,amplicon-28,,,TTGTACTTGTTACTTTGGCCTCTTT,AGGGAACTAAACTCTGAGGCTATAG
sars-cov-2,amplicon-29,,,GCTGTAGACATAAACAAGCTTTGTG,AAGTAAATGTTGTACCATCACACGT
sars-cov-2,amplicon-30,,,GAACATAATACCTCTTACAACAGCAGC,TGTGTCTGTAACAAACCTACAAGGT
sars-cov-2,amplicon-31,,,CCTAAGAGTGATGGAACTGGTACTAT,GGTCATTAGCACAAGTTGTAGGTATT
sars-cov-2,amplicon-32,,,GTACTGCCGTTGCCACATAGAT,TTAGCAACAGCTGGACAATCCTTAA
sars-cov-2,amplicon-33,,,AGACACACTTTCTCTAACTACCAACA,AATCTACAACAGGAACTCCACTACC
sars-cov-2,amplicon-34,,,TCAAGATCTCAATGGTAACTGGTATGA,CAGCAGCATACACAAGTAATTCCTT
sars-cov-2,amplicon-35,,,GGTGTTGTACATAATCAGGATGTAA,TTGATCCTCATAACTCATTGAATCAT
sars-cov-2,amplicon-36,,,AAGTCATCGTCAACAACCTAGACAA,AACGGTGTGACAAGCTACAACA
sars-cov-2,amplicon-37,,,CCTCACTTGTTCTTGCTCGC,TTAGTAAGGTCAGTCTCAGTCCAAC
sars-cov-2,amplicon-38,,,GGTCTAGTGGCTAGCATAAAGAACT,ATGAAGTCTGTGAATTGCAAAGAACA
sars-cov-2,amplicon-39,,,TATGTACACACCGCATACAGTCTTA,GTAATTCTCTGTCAGACAGCACTTC
sars-cov-2,amplicon-40,,,TGTCTTATGGTATTGCTACTGTACGT,CATGAGAGCAAGCTGTATACACTATG
sars-cov-2,amplicon-41,,,CCTGGTACTGGTAAGAGTCATT,AGGACAACGCCGACAAGTTC
sars-cov-2,amplicon-42,,,AACTATAGGTCCAGACATGTTCCT,AAGTTGCCACATTCCTACGTG
sars-cov-2,amplicon-43,,,AGAGACCTTTATGACAAGTTGCAAT,TGAGGTGTTTAAATTGATCTCCAGG
sars-cov-2,amplicon-44,,,CCTACAGGTTATGTTGATACACCTAAT,TAGTCCAGTCAACACGCTTAACA
sars-cov-2,amplicon-45,,,GTAATGCACATGTAGCTAGTTGTGA,CTGGTGTGTGGAATGCATGTT
sars-cov-2,amplicon-46,,,AGTGCTATCTAACCTTAACTTGCCT,ACAATTCTACATCAACACCATCAACTT
sars-cov-2,amplicon-47,,,AATAAGGGACACTTTGATGGACAAC,GCTTCTCCAATTAATGTGACTCCAT
sars-cov-2,amplicon-48,,,GTAGGTCCCAAACAAGCTAGTCTTA,GTCACTTTGACAACCTTAGAAACTACA
sars-cov-2,amplicon-49,,,TCTAAGTGTGTGTGTTCTGTTATTGA,TCATTAAGATCTGAATCGACAAGCA
sars-cov-2,amplicon-50,,,AAGGAGTTGCACCAGGTACA,AATAGGAAGACAACTGAATTGGATT
sars-cov-2,amplicon-51,,,ATAGATGGTTATGTCATGCATGC,AACCTCTTAGTACCATTGGTCC
sars-cov-2,amplicon-52,,,ATTCAACTCAGGACTTGTTCTTACC,AATTAATAGGCGTGTGCTTAGAATA
sars-cov-2,amplicon-53,,,AGGGAATTTGTGTTTAAGAATATTGATGGT,TCTCTTCCTGTTCCAAGCATAAACA
sars-cov-2,amplicon-54,,,TCCTAATATTACAAACTTGTGCCCT,GTTGGAAACCATATGATTGTAAAGGAA
sars-cov-2,amplicon-55,,,CTATCAGGCCGGTAGCACAC,CCAAGTAGGAGTAAGTTGATCTGCA
sars-cov-2,amplicon-56,,,CAGGGTGTTAACTGCACAGAAGTC,TTGTCTTGTTCAACAGCTATTCCAG
sars-cov-2,amplicon-57,,,TGATTCAACTGAATGCAGCAATCTT,GAGAACATTCTGTGTAACTCCAATACC
sars-cov-2,amplicon-58,,,GTGCTGCATTACAAATACCATTTGC,GGACATAAGATGATAGCCCTTTCCA
sars-cov-2,amplicon-59,,,TCAGAGTGTGTACTTGGACAATCAA,TTCTTGGAGATCGATGAGAGATTCATT
sars-cov-2,amplicon-60,,,CCTCAATGAGGTTGCCAAGAATT,GGAGAGTGCTAGTTGCCATCT
sars-cov-2,amplicon-61,,,TTATTGTTGGCGTTGCACTTCTT,ACAGCTGGTAATAGTCTGAAGTGAA
sars-cov-2,amplicon-62,,,CCAGATTGGTGGTTATACTGAAA,CAGGAACTCTAGAAGAATTCAGATT
sars-cov-2,amplicon-63,,,TGCGTACTGCTGCAATATTGTTAAC,TTCTGGATTGAATGACCACATGGAA
sars-cov-2,amplicon-64,,,AATGGCTTGTCTTGTAGGCTTGAT,TTAGTAATATCTCTGCTATAGTAACCTGAA
sars-cov-2,amplicon-65,,,TTGCTTGTACAGTAAGTGACAACAG,TCTTGAACTTCCTCTTGTCTGATGA
sars-cov-2,amplicon-66,,,TCTATCAGTTACGTGCCAGATCAG,AATTACCGATATCGATGTACTGAATGG
sars-cov-2,amplicon-67,,,AATTGAATTGTGCGTGGATGAGG,GTAGCTCTTCGGTAGTAGCCAATT
sars-cov-2,amplicon-68,,,AAGGCGTTCCAATTAACACCAATAG,CTCAAGCTGGTTCAATCTGTCAAG
sars-cov-2,amplicon-69,,,CGGTGATGCTGCTCTTGCTT,TGTCTCTGCGGTAAGGCTTGA
sars-cov-2,amplicon-70,,,CTGAATAAGCATATTGACGCATACA,GTCATTCTCCTAAGAAGCTATTAAAATC